Result Title,URL
Write your first Selenium script | Selenium,https://www.selenium.dev/documentation/webdriver/getting_started/first_script/
Selenium,https://www.selenium.dev/
Free Selenium Tutorial | Beginner To Advanced Level,https://www.softwaretestingmaterial.com/selenium-tutorial/
Best Selenium Books in 2024 to Learn - Top Mini Sites,https://topminisite.com/blog/best-selenium-books-in-year
Selenium Automation Testing: Step by Step Guide for 2024 - Simplilearn,https://www.simplilearn.com/tutorials/selenium-tutorial/selenium-automation-testing
Selenium Webdriver Tutorial in Java with Examples | BrowserStack,https://www.browserstack.com/guide/selenium-webdriver-tutorial
Page object models | Selenium,https://www.selenium.dev/documentation/test_practices/encouraged/page_object_models/
"Selenium WebDriver Tutorial | Working, Benefits and Limitations",https://www.geeksforgeeks.org/selenium-webdriver-tutorial/
An Introduction to Selenium WebDriver - Simplilearn,https://www.simplilearn.com/tutorials/selenium-tutorial/what-is-selenium-webdriver
Selenium Tutorial - A Comprehensive Guide for Beginners in 2024 - Edureka,https://www.edureka.co/blog/selenium-tutorial
Selenium Python Tutorial - GeeksforGeeks,https://www.geeksforgeeks.org/selenium-python-tutorial/
Selenium Tutorial for Beginners - Simplilearn,https://www.simplilearn.com/tutorials/selenium-tutorial
Selenium - Wikipedia,https://en.wikipedia.org/wiki/Selenium
Selenium Mobile Testing | Blog | Digital.ai,https://digital.ai/catalyst-blog/the-comprehensive-guide-for-selenium-mobile-testing/
Finding web elements | Selenium,https://www.selenium.dev/documentation/webdriver/elements/finders/
Learn How To Build and Execute Selenium Projects | Edureka,https://www.edureka.co/blog/selenium-projects/
Selecting default search engine is needed for Chrome version 127,https://stackoverflow.com/questions/78787332/selecting-default-search-engine-is-needed-for-chrome-version-127
An Introduction to Selenium with Python - Simplilearn,https://www.simplilearn.com/tutorials/python-tutorial/selenium-with-python
selenium Â· PyPI,https://pypi.org/project/selenium/
190+ Selenium Interview Questions (2024) To Crack An Interview,https://www.softwaretestingmaterial.com/selenium-interview-questions/
Blog | Selenium,https://www.selenium.dev/blog/
Distribution and soil threshold of selenium in the cropland of ... - Nature,https://www.nature.com/articles/s41598-024-67450-7
Alginate Extracted from Azotobacter chroococcum Loaded in Selenium ...,https://www.mdpi.com/2073-4360/16/14/2065
Working with windows and tabs | Selenium,https://www.selenium.dev/documentation/webdriver/interactions/windows/
Exploring ferrocene-directed photo-Fenton initiation of RAFT ...,https://pubs.rsc.org/en/Content/ArticleLanding/2024/PY/D4PY00517A
Edge specific functionality | Selenium,https://www.selenium.dev/documentation/webdriver/browsers/edge/
